[{"1UP":"Meaning extra life (online gaming)"},{"121":"One-to-one (private chat initiation)"},{"1337":"Leet, meaning 'elite'"},{"143":"I love you"},{"1432":"I love you too"},{"14AA41":"One for all, and all for one"},{"182":"I hate you"},{"19":"Zero hand (online gaming)"},{"10M":"Ten man (online gaming)"},{"10X":"Thanks"},{"10Q":"Thank you"},{"1CE":"Once"},{"1DR":"I wonder"},{"1NAM":"One in a million"},{"2":"Meaning 'to' in SMS"},{"20":"Meaning 'location'"},{"2B":"To be"},{"2EZ":"Too easy"},{"2G2BT":"Too good to be true"},{"2M2H":"Too much too handle"},{"2MI":"Too much information"},{"2MOR":"Tomorrow"},{"2MORO":"Tomorrow"},{"2M2H":"Too much to handle"},{"2N8":"Tonight"}]