[
  {
    "id": 1,
    "instrument": "EUR/USD",
    "bid": "1.1000",
    "ask": "1.2000",
    "timestamp": "01-06-2020 12:01:01:001"
  },
  {
    "id": 2,
    "instrument": "EUR/JPY",
    "bid": "119.60",
    "ask": "119.90",
    "timestamp": "01-06-2020 12:01:02:001"
  },
  {
    "id": 3,
    "instrument": "GBP/USD",
    "bid": "1.2500",
    "ask": "1.2560",
    "timestamp": "01-06-2020 12:01:02:001"
  },
  {
    "id": 4,
    "instrument": "GBP/USD",
    "bid": "1.2500",
    "ask": "1.2560",
    "timestamp": "01-06-2020 12:01:02:100"
  }
]
